{
    "name": "Tier 3",
    "frames": [
        {
            "name": "a.png",
            "duration": 0.8,
            "index": 0
        },
        {
            "name": "b.png",
            "duration": 0.05,
            "index": 1
        },
        {
            "name": "c.png",
            "duration": 0.05,
            "index": 2
        },
        {
            "name": "d.png",
            "duration": 0.05,
            "index": 3
        },
        {
            "name": "e.png",
            "duration": 0.05,
            "index": 4
        },
        {
            "name": "f.png",
            "duration": 0.05,
            "index": 5
        },
        {
            "name": "g.png",
            "duration": 0.05,
            "index": 6
        }
    ]
}