{
    "name": "Tier 2",
    "frames": [
        {
            "name": "a.png",
            "duration": 0.8,
            "index": 0
        },
        {
            "name": "b.png",
            "duration": 0.8,
            "index": 1
        },
        {
            "name": "c.png",
            "duration": 0.5,
            "index": 2
        },
        {
            "name": "d.png",
            "duration": 0.3,
            "index": 3
        },
        {
            "name": "e.png",
            "duration": 0.3,
            "index": 4
        },
        {
            "name": "f.png",
            "duration": 0.3,
            "index": 5
        },
        {
            "name": "g.png",
            "duration": 0.3,
            "index": 6
        },
        {
            "name": "h.png",
            "duration": 0.3,
            "index": 7
        },
        {
            "name": "i.png",
            "duration": 0.3,
            "index": 8
        },
        {
            "name": "j.png",
            "duration": 0.3,
            "index": 9
        },
        {
            "name": "k.png",
            "duration": 0.3,
            "index": 10
        },
        {
            "name": "l.png",
            "duration": 0.5,
            "index": 11
        }
    ]
}